Sphere Function; 50; 0,6; 0,4; 0,4; 10; 10; (1438,15549994, 2903,98666721, -823,48862545, -521,8682401, 910,66778805, 381,51579275, 566,25434239, 1438,15549994, 2644,49198583, 3226,46037444, 964,07855536, -1064,62382559, -669,2614342, 1061,71892606, 3785,53954712, -2952,36932678, -139,46009781, -129,93040526, -1826,13401972, 835,83429831, 1113,35530266, -86,12583238, -378,43463081, 1330,34691511, 2241,81562366, 918,10098034, 551,16244407, -858,0702608, 923,44225201, -605,41170478, -433,2030965, -2005,81366354, -4532,60034823, -4023,25071219, 655,67821497, 696,44583946, -953,56955132, 1818,58993781, 176,07498147, 2602,57824711, 923,44225201, 1885,50564884, 667,32326589, 4258,08558511, -3350,95891327, 1074,17701702, -3641,83837571, 3334,9902928, 2471,5682839, -2378,07702566); (2322,23305, 2261,80661, 1806,83811, 2085,26371, 3457,31667, 2020,24454, 4101,93705, 2643,84742, 2282,58121, 2208,49749, 1741,49767, 1881,29517, 2822,8978, 2190,46787, 3287,38689, 2526,16678, 2653,5448, 2027,32109, 2180,21089, 2382,62927, 3742,11546, 2101,8034, 3508,99729, 2952,96688, 2066,91123, 2862,78713, 1642,0362, 2463,6049, 1667,20117, 2191,36105, 2418,15404, 3512,50251, 3133,46654, 2162,0133, 1821,3411, 2551,69246, 2601,41373, 2148,70059, 2092,49602, 3748,17679, 2531,27746, 1906,01096, 2387,32373, 2561,19435, 3080,30256, 2134,49594, 3447,69703, 2692,06125, 2309,48796, 2560,60889); 198655848,0735709; 99510457,09469 
Sphere Function; 50; 0,6; 0,4; 0,4; 20; 10; (-1752,38770625, -398,47127671, -1253,63244984, 1355,35164347, 1333,14361638, 565,24105025, -1325,47792027, 3034,34561036, 900,79344265, 266,93916965, -806,33077144, -691,1619781, 1939,02109925, 697,5639408, 339,4207837, -657,15472767, 718,97281847, 1947,35126095, -4715,15239046, -263,12590036, 325,53111851, -2208,21502691, -443,15122, -805,02321497, 670,03997334, -2776,45170595, -1860,89207337, -375,68748087, -535,46608172, 1211,42259124, -2999,45565728, -2912,04872573, -4900,71256593, -104,23534645, 473,88193148, 2132,45067331, -1893,13049464, 716,39007816, -779,99470922, 2271,11364443, -1064,7624691, -398,47127671, -652,37502992, 302,07529298, 37,21818908, -1405,82900873, -827,49955647, -4,06013917, 339,4207837, 2271,11364443); (1601,3144, 1993,17715, 2283,45581, 1615,86628, 1978,30197, 1523,69727, 1803,8888, 1792,13642, 1818,63735, 2470,65672, 1919,30301, 2415,32649, 2398,11012, 2577,77359, 1433,62494, 2775,64983, 2647,73672, 2115,8586, 2974,66595, 1887,41341, 1295,54041, 3107,38612, 1783,47586, 1671,45554, 1713,55734, 3685,74922, 1488,001, 2676,4133, 1377,82528, 1939,74797, 1981,38796, 3473,73631, 2444,77763, 2668,68825, 1948,46678, 1974,54307, 2418,21482, 2893,12642, 1782,33332, 1767,98408, 2226,71096, 2189,25725, 1618,73502, 2337,88224, 2167,88683, 1868,79678, 1661,12229, 2165,45051, 2321,39681, 1839,28842); 138341782,26740146; 66071265,21746 
Sphere Function; 50; 0,6; 0,4; 0,4; 40; 10; (-184,32257257, -3385,93176317, -498,10225978, -220,47227306, -2016,13108839, 218,08094167, 460,00380906, 131,12126178, 309,59489623, -215,8465219, -893,96215306, 1062,67769794, -79,70140322, 295,07134073, 34,49656091, 1416,67361046, -2312,97030453, -359,02590286, 136,73719594, 178,44074532, -1024,68945627, -706,94964699, -722,97569464, -498,10225978, 1462,58032198, -1208,89851286, 1269,14246453, 309,59489623, -529,17499584, 796,55858539, 167,64439275, 294,04829394, 853,95226012, -1135,87742454, -39,92397214, -1370,83887617, -555,95568453, 699,84117979, -1339,10803823, -39,53354007, 348,75825089, 309,59489623, 1426,05194833, 1562,38285767, -477,9604901, 589,06681486, -184,36345205, -97,88647864, 2912,80854919, 699,84117979); (637,33858, 1313,37591, 1020,60595, 1848,04553, 3227,83975, 702,18257, 915,94445, 1192,46669, 1779,34161, 715,74818, 1201,06897, 2277,01811, 799,43806, 930,34806, 2228,66653, 767,54899, 1121,48359, 1110,4764, 1530,18143, 2545,89355, 1217,19869, 1772,18586, 2281,23743, 1416,30734, 1428,26292, 2663,26594, 1297,84107, 1489,45401, 1041,17468, 1408,83689, 1343,62605, 827,66514, 1838,70501, 2065,84041, 1552,93091, 1237,89976, 992,57465, 1533,61056, 1428,82649, 692,80208, 2124,77484, 1949,03061, 751,1511, 1715,17461, 1283,06894, 1701,52702, 1385,08825, 1360,16962, 1247,8985, 1258,25394); 55274189,18315365; 29005257,18263 
Sphere Function; 50; 0,6; 0,4; 0,4; 60; 10; (-1207,49971617, -2148,74948332, 1472,02155721, 12,23813164, -571,39482372, -327,56585419, -10,71720009, -606,24782748, -89,98513004, -1582,59554672, -2600,35635642, 13,00174917, -573,28988258, 573,71587211, 13,00635367, -276,85102473, 318,8510685, -697,34176523, -28,3624601, 81,53899767, -555,38733758, -301,22455415, 24,86228565, 169,92608831, -252,4540077, 797,86763542, -1046,20053944, -154,85049186, 243,12319648, -95,04205138, -212,28935288, -386,74072625, 80,96631172, 157,15156935, -794,80666262, -76,23648011, 2542,41721549, 13,00635367, 817,37417131, 1061,78160327, -697,34176523, -214,2298648, 656,91067893, 1331,34052179, 5,37200692, -114,47459693, -252,4540077, -901,38998345, 301,73267895, -215,61827477); (830,85841, 1665,70308, 671,63526, 1182,24634, 726,05166, 1127,9875, 1028,00239, 648,24086, 1318,00685, 996,17867, 1091,88221, 846,88816, 796,61896, 828,20737, 350,69989, 1311,27564, 794,38217, 846,68227, 1004,43548, 504,88117, 467,56144, 1922,65852, 763,89548, 868,55591, 777,0991, 851,14463, 2292,52247, 1030,48419, 453,43329, 581,27694, 907,24599, 2261,41078, 732,44663, 631,14405, 624,64019, 1491,59736, 1085,32926, 1069,31276, 1374,47026, 1432,41675, 793,343, 874,17563, 1413,44335, 732,3082, 928,715, 1556,21029, 431,82856, 670,67353, 1818,81557, 1041,6169); 34850081,14088996; 21823286,53679 
Sphere Function; 50; 0,6; 0,4; 0,4; 80; 10; (128,99545607, -17,18880025, 1038,5899173, -424,78459164, -347,58587486, 352,24947506, -10,68363384, 347,37818667, -701,93551021, 589,55234824, -238,78830662, 5,49922128, -235,97374154, -424,78459164, 5,49922128, -328,67681076, 210,86948626, -24,41064366, -424,78459164, 314,21453436, -297,34409216, -424,78459164, 1710,19266481, 162,68885772, -24,41064366, -338,90626928, 268,99348581, -237,39192508, 715,64202697, -24,41064366, -298,47074054, 308,08399801, -610,95451961, 646,56508694, 345,52694735, 199,47700637, -29,88314096, -73,13348875, -29,88248041, 308,08399801, 861,11741509, -40,11698362, 352,24947506, -338,90626928, -237,39192508, -237,39192508, -112,59620472, 295,14014645, -201,30382708, 77,48468395); (940,44243, 1852,49693, 1025,72641, 522,16115, 165,57176, 313,84467, 1419,66979, 294,05492, 674,09269, 1344,65114, 633,71663, 585,95582, 562,63056, 1222,46837, 135,94047, 684,41332, 703,79598, 780,07314, 350,12804, 707,30221, 414,75575, 480,73238, 714,77793, 822,13777, 620,55115, 2579,17205, 211,43239, 496,40468, 325,64858, 254,40996, 1578,33949, 308,60041, 268,91707, 1252,89781, 564,28495, 492,83055, 1123,29792, 237,87591, 924,89059, 200,2617, 630,86151, 1115,07566, 1052,84014, 274,54423, 377,82204, 396,02357, 247,82886, 370,3467, 596,43242, 1169,89802); 9662104,00097322; 27658362,12015 
Sphere Function; 50; 0,6; 0,4; 0,4; 10; 20; (664,30890392, 1492,53272842, -1102,2373599, 897,65181037, 1306,56943905, -1063,33886331, 136,93167296, 21,2768792, 85,67993345, -857,86649614, 165,29644025, -211,95924439, 496,57610014, -1587,5135172, 1955,24209182, -492,94360356, -391,82466179, 1215,07978304, 353,05444996, 647,04229562, -913,29160502, -838,76063534, 483,88974899, -681,38440327, -776,61267309, -990,80783452, -1140,21960548, -1159,1705677, -3369,78081257, -838,76063534, -283,63638938, 599,00890593, 115,90625421, -1811,00834404, -1099,46110007, -814,99010708, 22,50174215, 834,55132786, -1707,17204569, -1213,15233651, 1090,20811428, 2236,06779816, 1168,32576063, -769,10594509, 4482,45674668, 1336,45472102, -1100,30562754, 461,86071867, 902,50597853, 2192,40680042); (923,62136, 1985,23596, 1710,42447, 1794,8703, 999,30361, 986,25204, 1205,89851, 1418,95499, 1070,32873, 1115,65862, 819,53815, 824,84669, 1508,32551, 1468,27899, 1741,72712, 1028,48579, 2050,94166, 1595,18689, 1334,37581, 1774,46431, 1380,36422, 1606,21795, 1063,70696, 1334,36997, 1402,4589, 956,6049, 1422,42827, 1612,50318, 2230,22148, 1515,76125, 1837,80063, 1022,6349, 1442,94285, 1092,03773, 2418,70629, 1783,41921, 1624,79122, 1329,5534, 1572,89701, 1991,60142, 1116,57996, 966,18676, 1623,23744, 888,32472, 1784,3275, 1627,33301, 1647,2188, 889,94109, 1075,01675, 1757,81712); 83649190,02520236; 30703631,45258 
Sphere Function; 50; 0,6; 0,4; 0,4; 20; 20; (-703,66400506, 1302,68797107, 658,79277002, 144,32910712, 148,26420907, 1633,47340406, -220,57908788, 790,05586531, 291,49574249, 906,28349201, 459,33464011, 661,66727821, -993,05201293, 1058,58818498, -196,20370135, 335,03356895, 1301,31881294, -66,21011165, 1703,00514883, 470,51686534, -259,51370002, -566,25521462, 1411,40936019, 1034,99025078, 306,76496358, 653,39104843, -117,95371951, 1485,14456438, 120,50152514, -307,3821266, 1299,27989144, 1173,94033089, 814,72178936, -516,29370803, 620,21167932, 762,70442521, 213,22320687, -188,1446362, 1460,746638, -462,77197484, 1851,09359053, -306,48226861, -14,91775547, 1726,72103443, -444,4738187, 719,51467273, 867,2712854, -66,93453098, 945,00946483, 862,20681298); (967,94383, 1282,3081, 1031,17538, 440,26317, 994,88684, 1804,78859, 1474,87945, 997,22677, 483,94345, 1009,6521, 597,67032, 466,80433, 830,1714, 1416,02976, 941,10206, 835,47409, 995,30974, 1264,16544, 1378,88405, 1026,80497, 661,48895, 1353,83589, 1212,21702, 2085,95803, 932,43478, 631,56652, 1092,00971, 868,99877, 1039,68184, 908,90462, 864,59762, 1332,82522, 1061,60345, 687,26575, 978,68173, 923,54491, 919,91682, 480,81758, 941,20798, 1570,0578, 813,95119, 1415,90974, 1293,00043, 1312,07115, 910,15997, 1118,30115, 979,05371, 1216,30314, 1100,73384, 730,20267); 37945337,099415645; 17232348,82365 
Sphere Function; 50; 0,6; 0,4; 0,4; 40; 20; (4,43975631, 482,7409696, -422,21384431, -647,56765332, -897,09074438, 89,12772042, 1289,06837184, 418,20193119, 392,06184255, 179,52012309, 47,65848616, -457,94278011, -306,5009784, -0,18874701, 582,64195211, -338,97066698, -166,6333582, 667,12660314, 490,71751185, 837,02412631, -65,17437451, -503,61509475, 487,39096211, -153,97948162, 605,81723172, 583,96221234, 573,48689218, 384,40684369, 84,82470449, 230,28309584, 410,02017561, 724,80040781, 371,03298904, 159,52622759, 47,65848616, 388,27933457, -535,52575763, 298,37865776, -897,09074438, -896,77540029, -261,30709625, -411,70377984, -370,47873424, 212,36843796, 79,78184769, 401,48112348, -458,17149026, -346,41366242, 209,24122958, 257,14072922); (607,90622, 508,60795, 499,32269, 308,54259, 501,11238, 528,87125, 597,80553, 568,61893, 444,19138, 599,44721, 648,48327, 598,81606, 657,98957, 456,06792, 774,1443, 508,42282, 479,67378, 418,38852, 634,03311, 462,30133, 472,43558, 800,89645, 483,6641, 476,49112, 476,58886, 702,1154, 390,80586, 366,63565, 655,8071, 555,70536, 716,1075, 448,03847, 593,34185, 713,0713, 768,39366, 609,55478, 686,48324, 476,30328, 725,15363, 734,52397, 400,87795, 301,27358, 476,41183, 517,73903, 1655,50749, 554,11696, 522,0476, 536,49535, 490,43793, 575,68184); 11626401,345614314; 9637737,80331 
Sphere Function; 50; 0,6; 0,4; 0,4; 60; 20; (-52,93174792, -141,70103412, 115,88423578, -250,72675178, -218,34022593, 155,16130877, -135,98332583, -303,59697787, -91,09408428, 10,0727038, 392,0428085, -36,1272544, -62,80204338, 285,07995949, 79,42613931, 100,30154672, -354,37347471, 345,28702679, -383,93819364, -130,23035136, 132,91754536, -397,00149894, 172,98787805, 119,41940558, -7,86329153, 165,82696997, -10,66105515, -191,33489824, -76,55595863, -114,55367807, 99,28138504, -123,35588228, -188,20866635, -264,5791792, 244,86350668, 149,77881524, 221,00067309, 236,65944548, -208,13425125, -185,29705805, -90,53359962, 42,35397704, -91,09408428, -146,39795686, 127,79978457, 113,05492975, 564,18449682, -283,51349295, 324,95654003, -56,29837079); (166,83464, 178,1052, 262,26122, 396,22801, 316,66487, 223,07345, 417,20935, 254,16612, 189,29318, 271,99008, 397,48539, 340,44466, 303,44352, 180,52744, 157,04205, 148,91109, 253,83465, 217,98332, 220,54142, 207,08744, 324,23587, 322,20773, 250,27652, 342,21407, 253,27812, 318,52969, 171,57308, 247,37606, 137,86991, 300,49891, 309,18431, 256,74151, 324,06547, 263,26753, 248,73772, 270,57135, 752,60889, 375,02106, 321,56545, 264,54315, 320,06829, 291,665, 342,7237, 325,73408, 283,59956, 212,56595, 321,50753, 388,05189, 265,1271, 428,37298); 2230150,72035359; 2633606,40889 
Sphere Function; 50; 0,6; 0,4; 0,4; 80; 20; (130,48398943, -92,40532008, 86,66872658, -116,16901631, 157,51194256, 64,97675333, 97,36338301, -3,32365382, 8,789974, 72,87433067, -227,31177454, 69,15985344, 47,99949515, -89,02051805, -66,66441345, -15,46487193, -81,51455442, 315,03709332, 62,95684922, -35,04451023, -45,09653736, -92,40532008, -6,22005878, 44,07020871, 78,289713, 43,96603953, -247,34018117, 56,51438187, 67,05254889, 144,315677, 41,21941936, -136,35957224, -42,2426566, 90,48787921, 88,32312088, -41,84568609, 51,53781511, -161,07475121, -209,00889526, 167,85400593, 112,15461393, 100,98572172, 207,5224348, -116,72270047, 113,13333386, -143,29003021, -173,31319345, -205,30245755, -42,02637734, 177,77660832); (98,47208, 134,05258, 90,40345, 83,50668, 50,66624, 86,59897, 89,78806, 195,23996, 104,80674, 152,12118, 126,52078, 182,77815, 224,66472, 136,84788, 147,00206, 175,7418, 98,66903, 224,74655, 125,0267, 91,57443, 182,48336, 127,3098, 194,84295, 144,68525, 130,77796, 127,87808, 140,52203, 124,7662, 78,8473, 206,38468, 151,4693, 146,52817, 120,08906, 105,84885, 85,29113, 234,1587, 88,82815, 70,03708, 161,83806, 150,81271, 77,47527, 79,48678, 121,83235, 130,67031, 127,70013, 113,19381, 204,84711, 121,94162, 80,31528, 127,99402); 741875,5615075357; 284775,77133 
Sphere Function; 50; 0,6; 0,4; 0,4; 10; 40; (-694,23897047, -1129,4012962, -288,13870201, 828,72335598, 113,42875678, 204,46310408, 1019,84128016, 2227,62938447, 1152,87093842, 712,0749138, 748,24488203, 376,01449637, 339,38558959, -986,16593337, -1936,26678013, -334,55310203, 1436,21577374, 65,69033154, 1290,7303048, -274,53822222, 892,26393407, -1599,34236351, 246,57213277, -886,46682397, -600,36215633, -175,21747581, 1504,64068852, 268,69731827, 859,34665283, -1128,11062303, -1973,33839067, -343,25773284, 1036,27343804, 490,34626865, 1219,26344149, 321,75041772, -343,25773284, -620,36831584, -196,50547204, -1043,39342032, -782,62216821, -150,81164436, 556,11786378, -250,40677037, -1056,33048212, 535,97026781, -1113,96990093, 1767,22385387, -623,84562047, -2211,94424598); (995,61658, 1193,94764, 1097,87904, 687,82978, 1021,38118, 960,83214, 726,46956, 846,55333, 824,30444, 1118,09452, 1234,21371, 883,05036, 1053,26664, 1379,73864, 1106,02278, 941,75179, 1103,82777, 1015,73529, 1399,33556, 994,41707, 1319,57013, 1101,60349, 880,13315, 1058,59698, 1059,63669, 1194,26258, 960,03089, 630,0195, 1194,739, 1182,86604, 776,98932, 703,41649, 690,73182, 878,99991, 1070,0446, 870,49201, 1005,07499, 958,92378, 835,42134, 1305,94115, 1265,48054, 873,66002, 1116,56475, 803,91361, 1209,4148, 1318,17678, 853,92877, 1210,13881, 993,44553, 1323,12621); 49420494,86142129; 7435329,40509 
Sphere Function; 50; 0,6; 0,4; 0,4; 20; 40; (-472,86965182, -37,43966915, 527,39020183, 1073,35101111, -425,21188363, -203,50944574, -165,69484733, -328,71985361, 93,74451397, -372,45782528, -37,43966915, 505,2443993, -92,1221588, 732,39976347, 272,23555675, 817,0167836, 96,03163837, 920,6752514, -698,88256618, 13,63265888, 301,38575239, 44,44223081, -467,39405777, -731,77245864, -1018,04880064, 1254,57252092, -795,20220135, 758,97950473, -153,10281442, 27,77621642, -468,30050391, 172,3689441, -1100,05101677, -560,81188665, 919,00725897, 381,84022069, -105,44265655, -95,13084693, -872,94600953, -918,1383805, 420,11995995, 72,5873052, -127,47959786, -98,07561518, 1172,58972684, -848,14470872, -827,87302504, -1048,85640071, -542,3931944, -172,20862692); (598,22939, 419,68693, 595,34776, 633,34173, 606,86609, 578,90177, 657,19611, 626,45117, 807,50378, 445,27582, 552,66012, 561,1121, 605,29322, 758,52418, 623,41997, 797,69613, 670,26285, 808,83447, 531,84353, 605,6711, 568,79689, 541,1289, 680,3009, 628,94312, 533,08713, 965,96838, 974,50065, 540,05415, 674,48982, 599,27075, 872,02493, 544,72736, 746,3421, 842,37042, 1000,36082, 758,89201, 644,2017, 541,13117, 545,92706, 556,12201, 814,96789, 546,73203, 711,51709, 628,39989, 851,43573, 627,29889, 755,11998, 687,62217, 699,25568, 601,60555); 18539373,48634074; 5733152,32833 
Sphere Function; 50; 0,6; 0,4; 0,4; 40; 40; (307,3939992, 258,12212716, -227,02108902, 301,25290104, 25,70131723, 321,94089954, 184,0514233, 96,0823739, 172,76958981, 167,29370703, -12,84090123, -102,23431031, 1,50566157, -79,78428747, -178,41929592, 198,4090816, 84,29968065, 16,84884903, -171,11154457, -326,21952424, 238,22904614, -160,62445323, -73,11864312, -154,54080328, -430,34586752, 15,34657361, 399,2312583, 174,04687095, -372,76117947, -185,13049383, -282,77137097, -169,33818626, 208,13186134, 324,86004082, -379,93979912, 44,10414775, -202,80520585, 200,37274558, -71,74482737, -26,71542987, -21,4121383, -423,57026653, -562,42495912, -173,66630765, -429,27117294, -245,15646683, 60,40735312, -316,72002493, 532,57452572, 163,87933103); (374,81037, 363,93151, 322,69438, 302,24855, 334,40731, 301,05588, 283,96087, 275,15492, 386,39348, 272,62953, 252,22446, 369,41299, 372,6254, 309,41285, 261,67846, 265,84217, 292,21645, 371,49163, 250,96445, 297,06772, 224,52077, 330,73462, 247,01848, 351,53293, 233,7163, 266,86118, 221,27129, 273,91038, 294,09129, 430,94744, 243,59256, 302,17184, 293,22033, 357,85098, 254,33886, 225,99647, 335,41241, 326,2658, 307,80751, 348,94842, 248,55659, 273,90087, 322,58459, 250,32494, 303,00459, 307,98804, 306,58167, 418,01945, 274,70306, 314,78534); 3076158,068238682; 1292037,93361 
Sphere Function; 50; 0,6; 0,4; 0,4; 60; 40; (71,38035927, 112,37029007, -17,1150793, -57,31676699, -166,52151767, 72,90609851, -218,15552987, -45,00411739, 1,50601523, -76,93741296, -23,1953524, -14,8912509, -82,57516185, 93,40997707, 54,45864162, 41,02337578, -111,08546009, 34,07036596, -177,07941021, -145,71202148, 85,90437289, -70,46868628, -265,03572859, 93,40997707, -138,99670897, 205,70593057, 80,27064527, -81,63104907, -123,5826964, 169,47357263, -171,98198808, 17,42084658, -188,52843111, 116,76301408, 7,39850692, 9,59860354, 242,14959898, -123,5826964, 58,57414529, -108,33502626, 57,02676384, -159,7052535, -71,18113925, -86,76820538, -156,92660035, -9,84093251, 23,69022487, -181,69703133, 14,67009244, -33,73240349); (129,842, 180,16101, 188,17499, 100,29377, 162,7814, 212,23397, 196,47334, 189,67242, 161,31849, 150,01321, 158,9612, 170,41561, 144,90258, 179,50448, 147,37093, 136,72361, 160,05275, 166,75378, 169,85478, 178,01982, 176,6885, 128,64331, 181,01868, 158,96133, 214,56893, 189,54271, 134,25497, 171,17319, 117,90844, 130,59214, 158,41571, 132,25448, 178,4185, 142,13096, 109,69972, 136,66695, 201,27464, 148,64851, 133,65977, 170,26349, 145,09483, 165,44977, 176,15441, 100,96009, 183,00888, 121,46947, 195,93859, 141,59857, 110,00506, 197,14801); 676262,5522705889; 544645,14472 
Sphere Function; 50; 0,6; 0,4; 0,4; 80; 40; (-44,37460901, -35,41683018, 23,03534152, 27,52833514, -67,2625827, 0,86011989, 30,01886906, 12,29909083, -32,64683861, 19,67173298, -33,37398034, -39,32523668, 65,4274541, 9,51183094, -6,61046454, 29,11663536, 64,69230928, -6,22212101, -19,82462873, -95,67997406, 89,27971812, -13,13112955, -18,38573288, -18,5947853, -22,52974976, 34,99417968, -8,53563781, -55,15007105, 31,63911227, 28,78777773, -4,58372943, -51,96105617, -37,82136346, -30,44384971, 36,2752513, -59,64214041, -52,41667722, -40,4116619, 28,27878864, 55,85418012, 0,18624611, -44,27723618, -37,65512408, -6,15963281, 35,7977037, -43,52849411, -33,45847415, -63,59831168, 38,53114118, 42,53207546); (81,13106, 77,69688, 68,52227, 61,70634, 67,23441, 64,96808, 56,22821, 57,82298, 55,64908, 41,0303, 80,07747, 72,01593, 70,28948, 64,38217, 54,28078, 61,07453, 83,55393, 54,34564, 73,14845, 66,14276, 59,94771, 51,88322, 67,97697, 57,79894, 88,12083, 49,30289, 70,86145, 73,01124, 84,1204, 64,32643, 74,51316, 50,85036, 90,26898, 73,04716, 63,14396, 57,00611, 89,81371, 51,62621, 52,55689, 85,14838, 65,61654, 70,36154, 75,53022, 58,34458, 58,14957, 63,62276, 62,46192, 84,94638, 76,66821, 67,6879); 82041,71859941357; 85160,98682 
Sphere Function; 50; 0,6; 0,4; 0,4; 10; 80; (-978,3358506, 387,41957031, -273,78943664, 1256,0786988, -268,5966934, 277,60768032, 888,83840293, 518,91642635, -150,06928848, 1154,59349528, -770,89952137, 297,63111283, -409,3923358, -514,70653427, -281,20220936, 212,60709836, -74,7669623, -117,65317687, -804,67359485, -32,6017819, -653,16183755, -338,71720292, 1224,61604655, 189,18600047, -964,45113784, 136,07068901, -107,93084101, 1449,0499824, -628,44813709, -116,41319455, 389,10731884, 34,22666967, -42,0774089, -291,74454571, -498,24070012, 112,78526698, 1108,29504888, 110,37765241, -897,10942788, -169,40340073, -1387,64021014, 189,18600047, -911,0198315, 172,895274, -366,82230807, 776,51009899, -834,35634212, -649,42237887, 208,02606633, -379,88343353); (823,48618, 781,7017, 643,50896, 777,65367, 842,84885, 681,38893, 596,81499, 621,88325, 1107,93223, 691,13546, 718,00188, 478,54739, 467,33894, 642,17472, 734,39327, 471,29978, 704,44552, 761,5981, 875,98479, 461,11714, 677,12237, 467,046, 615,19443, 644,19704, 684,26159, 579,09451, 570,26125, 776,13406, 450,63629, 560,45248, 534,58412, 1200,09667, 711,17126, 570,98271, 729,16325, 533,94611, 1086,37269, 848,93702, 555,20693, 515,08575, 876,30514, 774,03058, 647,66719, 671,61467, 933,81174, 497,03431, 708,30577, 678,33121, 781,19617, 671,46837); 20215750,7357409; 5570364,01571 
Sphere Function; 50; 0,6; 0,4; 0,4; 20; 80; (-17,78377383, -547,47725497, -154,22955237, 325,12884087, 281,80596918, 251,29101749, -165,89313082, 298,40189091, -217,18251492, -353,8877693, -370,6972293, -91,64943325, -27,42036659, -255,48271294, 7,27349753, -581,44068257, -370,64411971, -249,4195472, 166,05371111, -126,40098085, 327,78786889, -660,47743648, 434,39212731, -728,9928884, 701,34981147, -424,23838758, 276,94112595, 287,023771, 253,34851031, 188,82113884, 421,85134569, -36,18182216, 356,30120305, 506,69535165, -314,25926554, -288,04264017, -582,21111777, -102,36586776, 350,83581695, -216,56682378, -497,91181076, 333,90687754, -481,78776086, 473,08823459, 313,23591336, -255,48271294, 345,38005678, -217,94624445, -53,84500474, -378,2169447); (530,11899, 397,63133, 479,99785, 292,75439, 521,27421, 360,10301, 348,89884, 465,04646, 442,11094, 494,40035, 441,3168, 406,05281, 458,72258, 414,10659, 436,77498, 536,67906, 334,03931, 572,67952, 417,74054, 433,58388, 341,39935, 412,42548, 400,56684, 444,06237, 394,29121, 501,16013, 342,00171, 331,44485, 463,6075, 379,79706, 548,61633, 512,23021, 558,30497, 443,81169, 360,05012, 436,22879, 521,29545, 590,32537, 468,34615, 453,90798, 470,91809, 386,12044, 604,33091, 333,24548, 424,06053, 566,17724, 495,29416, 534,71876, 401,5714, 399,1408); 6404354,547582187; 3746519,98518 
Sphere Function; 50; 0,6; 0,4; 0,4; 40; 80; (-153,02765199, 26,76320049, -212,47151753, -58,92478486, 137,17216352, -128,19249876, 78,45977142, 211,65215233, -109,56087982, -83,27431889, 205,11648256, 21,3319642, -57,27011099, -106,80892998, 86,93703124, -189,87877522, -84,8116496, 124,54240946, 36,7498966, -108,20994237, 106,24944049, -68,42898208, -253,28178816, 131,39268917, 98,45018492, -248,57842503, 42,09649444, 164,75397149, -98,74694486, -213,18080144, 168,35044754, -137,72528947, -208,81056381, -1,51692109, 154,58204175, -132,49422206, 41,76268508, 144,67018817, -139,59433819, 174,33015319, 46,50276246, -89,54164147, 95,92397155, 191,64684477, 162,79078876, -43,01402431, 38,46367864, -142,10570659, -223,4637238, -109,56087982); (241,60779, 178,41356, 189,82671, 219,59963, 152,09907, 182,29914, 224,67928, 234,98465, 231,66826, 161,92787, 216,24124, 166,8348, 158,96881, 158,52366, 154,6018, 228,61644, 155,06392, 166,01605, 165,02946, 212,07093, 209,67119, 197,61947, 141,00267, 174,95523, 145,88077, 193,54488, 195,66492, 167,42697, 158,1554, 182,5081, 202,10193, 147,49884, 261,69789, 152,62113, 133,17303, 185,55896, 147,22523, 175,86616, 191,03281, 161,98224, 167,04425, 213,20944, 222,68674, 174,92619, 144,96009, 173,57877, 220,61993, 165,05583, 198,39166, 152,65269); 940455,810258587; 920236,26786 
Sphere Function; 50; 0,6; 0,4; 0,4; 60; 80; (50,06495436, 58,30454547, 79,74503798, 50,22905481, 85,31741504, 49,97731599, 107,47153317, 49,64510442, -46,73640749, -45,24814571, 47,5399454, 24,92433854, -23,82789014, 19,59923801, -8,17468567, -64,53632985, 27,47530497, -3,36600004, -46,799849, 8,85375493, 39,90772644, -7,68781156, 68,41472853, 75,17088788, -84,54804703, -43,53772072, 44,51255599, 57,9308787, -90,37452908, -41,17881335, -8,17468567, 26,39743903, -56,60275633, 88,27487682, 8,32406922, -23,51668106, 29,16138047, -91,4531383, 103,90404737, 96,23995213, -87,34138305, -44,08922023, -43,61486763, -93,47592302, 17,7769589, -26,68374126, 55,80427848, 87,79035967, 85,85162534, 29,71053687); (81,16816, 72,30052, 85,79281, 92,10915, 94,91615, 75,04846, 94,94773, 90,82117, 70,20042, 59,6262, 89,85555, 73,33597, 83,40947, 80,84661, 85,48015, 64,75123, 45,36383, 75,53747, 96,42403, 85,68297, 81,01704, 83,00336, 84,72554, 99,9161, 101,32054, 78,31631, 74,34795, 90,4223, 76,03046, 79,42758, 54,5974, 74,3414, 85,66478, 72,84193, 69,14865, 58,88456, 71,24546, 82,1854, 106,62162, 75,44396, 94,16856, 88,73006, 75,77478, 90,52184, 80,24256, 102,01971, 76,62093, 55,94351, 74,23843, 78,71682); 172108,0886503786; 100834,10363 
Sphere Function; 50; 0,6; 0,4; 0,4; 80; 80; (22,05300312, -18,51574469, -1,96901689, -3,23037603, -16,82743222, -17,63330914, -16,17357386, 39,43367777, -28,51073351, -17,46936758, -26,2251164, 22,85097621, 33,61274161, -20,33027644, 34,09108827, -9,46117758, -31,19066411, -16,52372824, 1,66990939, 25,62313658, -23,65537467, 2,0534367, -15,94305755, -6,75055271, -8,15446558, 0,92855265, 19,72639045, 34,02306817, -33,38703208, 16,63338194, -16,72549623, 26,6216865, -19,03581648, 8,56544867, 29,59142731, -20,00916089, 37,89152453, -8,373823, 4,5837825, 32,69025117, -43,85526791, 24,04559675, 0,38822613, -17,34044074, -30,91393799, 19,74303079, 15,37117905, -1,96901689, -21,77366518, -19,56629873); (30,79079, 29,20811, 37,57204, 31,16879, 38,63526, 29,62124, 19,20437, 35,62762, 20,99995, 38,89327, 31,73051, 29,85755, 40,12099, 24,75262, 29,16101, 31,57287, 34,39468, 25,72398, 27,1189, 25,77484, 29,02441, 41,7093, 33,00952, 28,43526, 38,00218, 23,33759, 27,31073, 37,0855, 31,96451, 20,64295, 35,4234, 37,68052, 21,03707, 29,29048, 25,03223, 35,87806, 33,01717, 36,77293, 34,08146, 25,44216, 36,29531, 33,84293, 34,34489, 32,91089, 33,40746, 20,53807, 37,06485, 38,07052, 22,02402, 29,89094); 24691,79786205494; 24012,37168 

